Layer,M,N,K,
MH_get_Q_head0,196,80,1280,
MH_get_K_head0,196,80,1280,
MH_get_V_head0,196,80,1280,
MH_QxKT_head0,196,196,80,
MH_QxKTxV_head0,196,80,196,
MH_get_Q_head1,196,80,1280,
MH_get_K_head1,196,80,1280,
MH_get_V_head1,196,80,1280,
MH_QxKT_head1,196,196,80,
MH_QxKTxV_head1,196,80,196,
MH_get_Q_head2,196,80,1280,
MH_get_K_head2,196,80,1280,
MH_get_V_head2,196,80,1280,
MH_QxKT_head2,196,196,80,
MH_QxKTxV_head2,196,80,196,
MH_get_Q_head3,196,80,1280,
MH_get_K_head3,196,80,1280,
MH_get_V_head3,196,80,1280,
MH_QxKT_head3,196,196,80,
MH_QxKTxV_head3,196,80,196,
MH_get_Q_head4,196,80,1280,
MH_get_K_head4,196,80,1280,
MH_get_V_head4,196,80,1280,
MH_QxKT_head4,196,196,80,
MH_QxKTxV_head4,196,80,196,
MH_get_Q_head5,196,80,1280,
MH_get_K_head5,196,80,1280,
MH_get_V_head5,196,80,1280,
MH_QxKT_head5,196,196,80,
MH_QxKTxV_head5,196,80,196,
MH_get_Q_head6,196,80,1280,
MH_get_K_head6,196,80,1280,
MH_get_V_head6,196,80,1280,
MH_QxKT_head6,196,196,80,
MH_QxKTxV_head6,196,80,196,
MH_get_Q_head7,196,80,1280,
MH_get_K_head7,196,80,1280,
MH_get_V_head7,196,80,1280,
MH_QxKT_head7,196,196,80,
MH_QxKTxV_head7,196,80,196,
MH_get_Q_head8,196,80,1280,
MH_get_K_head8,196,80,1280,
MH_get_V_head8,196,80,1280,
MH_QxKT_head8,196,196,80,
MH_QxKTxV_head8,196,80,196,
MH_get_Q_head9,196,80,1280,
MH_get_K_head9,196,80,1280,
MH_get_V_head9,196,80,1280,
MH_QxKT_head9,196,196,80,
MH_QxKTxV_head9,196,80,196,
MH_get_Q_head10,196,80,1280,
MH_get_K_head10,196,80,1280,
MH_get_V_head10,196,80,1280,
MH_QxKT_head10,196,196,80,
MH_QxKTxV_head10,196,80,196,
MH_get_Q_head11,196,80,1280,
MH_get_K_head11,196,80,1280,
MH_get_V_head11,196,80,1280,
MH_QxKT_head11,196,196,80,
MH_QxKTxV_head11,196,80,196,
MH_get_Q_head12,196,80,1280,
MH_get_K_head12,196,80,1280,
MH_get_V_head12,196,80,1280,
MH_QxKT_head12,196,196,80,
MH_QxKTxV_head12,196,80,196,
MH_get_Q_head13,196,80,1280,
MH_get_K_head13,196,80,1280,
MH_get_V_head13,196,80,1280,
MH_QxKT_head13,196,196,80,
MH_QxKTxV_head13,196,80,196,
MH_get_Q_head14,196,80,1280,
MH_get_K_head14,196,80,1280,
MH_get_V_head14,196,80,1280,
MH_QxKT_head14,196,196,80,
MH_QxKTxV_head14,196,80,196,
MH_get_Q_head15,196,80,1280,
MH_get_K_head15,196,80,1280,
MH_get_V_head15,196,80,1280,
MH_QxKT_head15,196,196,80,
MH_QxKTxV_head15,196,80,196,
MH_Concat_Linear,196,1280,1280,
FF1,196,5120,1280,
FF2,196,1280,5120,
